year,title,description,category,date,link_url,link_text
2025,電影 - 大濛,公館百老匯看國片大濛，又哭又笑，中間還有規模7.4的地震，直接體驗一波4D電影,日常,DEC 27,,
2025,手球隊寒訓,去手球隊寒訓當雷包充人頭數，跑位跑不明白，先前是練羽球的我接受無能,日常,DEC 24,,
2025,網服 - NTU-COOL 台北陰影路徑規劃,NTU-COOL 是一個陰影導航網頁應用程式，幫助使用者在台北街道上找到最短且最涼爽（陰影最多）的路徑。 我是廢物，只負責資料庫建置、陰影預計算、做簡報、提供情緒價值,專案/報告,DEC 23,https://ntu-cooooooool.vercel.app/,網站連結
2025,資料檢索與文字探勘導論 - 貼文音樂推薦,開發一個 IR 檢索系統，分析使用者的貼文內容，檢索並推薦歌詞文字、情緒、主題相符的歌曲，實現「以文找歌」的智慧推薦。我是廢物，只負責BM25和做簡報,專案/報告,DEC 22,https://reurl.cc/rK0jAy,簡報連結
2025,PASSION國英數教材教法 - 現場實作,數學：正負數的乘除，利用撲克牌的遊戲做互動,學業,DEC 19,https://www.canva.com/design/DAG7Obogv8s/DEP42zVBuAtF0yhdGyq8Ew/view?utm_content=DAG7Obogv8s&utm_campaign=designshare&utm_medium=link2&utm_source=uniquelinks&utlId=h7c021809ea,教學簡報
2025,科技化教學 - 線上實作,數學：分數的比較，使用nearpod來互動、繪圖、選擇題、開放式問題、競賽,學業,DEC 15,https://app.nearpod.com/?pin=2LIZU,教學簡報
2025,資料庫 - Promoradar 優惠雷達,優惠彙整平台，幫助消費者即時掌握各店家的活動內容與日期區間。我是廢物，只負責超商和KFC商家和優惠資料蒐集整理、NoSQL資料庫設計和建置,專案/報告,DEC 10,https://youtu.be/kWVEpKwIuS0?si=zHCTsVnEsAWGscsu,Demo 影片
2025,科技化教學 - 現場實作,國文閱讀討論課：生於憂患 死於安樂，利用 padlet 平台的AI繪圖、文氏圖、象限圖,學業,DEC 08,https://padlet.com/a0903029537/padlet-9q7n0286325g82ui,教學簡報
2025,手球新生盃 - 第4場 ,HCY 女生隊 : 抽一個想隊名 22 : 17 贏了歐耶，有機會第二名讚,學業,NOV 27,https://www.facebook.com/share/p/1C3fWvAwoU/,FB貼文連結
2025,手球隊練習,被手球課老師aka手球隊教練邀請去看看手球隊練習，結果被叫去跟著練，當什麼都不會的大雷包,日常,NOV 10,,
2025,手球新生盃 - 第3場 ,用快攻戰術贏了歐耶,學業,NOV 10,,
2025,手球新生盃 - 第2場 ,差了一點點，輸了，但研究出快攻戰術，下次能贏,學業,NOV 07,,
2025,鑑定師見面會 - 第一次看真人葉舒華,我是誰？葉舒華！本人超白，坐在山頂上，肉眼看不清楚臉有點可惜，期待下次見面,日常,NOV 05,,
2025,第一次停修,這學期焦頭爛額，沒有固定複習越南語期中考超爛，第一次停修獻給越南文二上，改旁聽，謝謝老師願意幫我簽名還沒有問我問題,學業,NOV 05,,
2025,CAE - 3D列印,學Blender基本中的基本操作，畫冷氣面板，嘗試3D列印,工作經歷,OCT 10,,
2025,手球新生盃 - 第1場 ,抽一個想隊名 : HCY女生隊 15:8,學業,OCT 02,https://www.facebook.com/share/p/1K6Lc3bJJe/,FB貼文連結
2025,CAE 專題生,把暑假實習-淨零循環健康校園之數位雙生應用平台之建構的內容做個結尾，預計在 2026 年 1 月 完成,工作經歷,OCT 01,,
2025,資管服學高中生組 -大學生輔導助教,為期一學期，一對一輔導高中生，學習 google site 個人網站設計與實作、利用zerojudge 加強 Python 程式基礎,學業,SEP 26,https://docs.google.com/document/d/1XZ2-JF2uURr5wyzgeSYWUdGinHi6Z9RboOlqi1ABNcc/edit?usp=sharing,服學心得
2025,回家 - 烤肉,回家來提前過生日，一起和親人烤肉、吃生日蛋糕，變成21歲老人,日常,SEP 21,,
2025,網服 - 個人網站誕生,做出了這個個人網站，很醜，但內容很用心(?,專案/報告,SEP 15,https://lee-chien-an.github.io/personal-website/,網站連結
2025,電影 - 紅豬,第一次去公館百老匯看電影，拿到紅豬海報了歐耶,日常,SEP 12,,
2025,大三 - 開啟師大PASSION偏鄉優質教育、科技化教學產業學分學程探索之旅,開始探索偏鄉教育與科技化教學，看自己有沒有熱忱走這條路。,學業,SEP 01,,
2025,青幫 - 年會工人,當帶高中生的隊輔，和高中生一起度過年會這兩天,工作經歷,AUG 16,,
2025,騎車去大稻埕,實習結束了，和實習生們一起吃熱炒，騎車去大稻埕喝酒，沿路在公園玩得跟小孩一樣,日常,AUG 15,,
2025,CAE 暑期實習成果展,以 Wio Link 感測器、MQTT、PostgreSQL、Supabase、Python + Plotly + Streamlit建置平台，呈現室內熱力圖（PMV/PPD)、 CO₂/VOC趨勢，並研究pythermalcomfort。,工作經歷,AUG 15,https://drive.google.com/file/d/1TfRlYyPhxsr2Qqx-3L_3iDbOzRVoG3mM/view?usp=sharing,暑期成果海報
2025,CAE 暑期實習,研究初體驗，看看自己適不適合做研究。,工作經歷,JUN 23,,
2025,電影 - 心之谷,跟兩位輔幹一起看電影，這部真的太純愛了，看不太下去笑死。,日常,JUN 13,,
2025,資管導 - RoRobot數學聊天機器人安卓APP,資訊管理導論專案，我負責訪談博幼基金會與台師大胡翠君教授確認偏鄉教學現場狀況，並使用GPT和Gemini API 並設計Propmt提供互動式解題引導，支援國小三、四年級數學，即時聊天反饋。,專案/報告,JUN 06,https://youtu.be/VNoURcefqJQ,APP Demo 影片
2025,統計學 - Facebook 互動分析,分析Facebook貼文類型、內容分類、發文月份對互動指標(點擊率、留言率)的影響。,專案/報告,JUN 11,https://drive.google.com/file/d/1sFcTs4zQGoHeY1sRIUuceCLcVOjhmZhs/view?usp=sharing,報告連結
2025,2025嘉義縣龍舟賽 - 一坨答辯,期末考前的周末，跟一群18周的高中同學去划龍舟，跟瘋子一樣。,日常,MAY 31,,
2025,組織行為 - 四季酒店個案分析,我負責撰寫四季酒店的人力資源戰略與進入巴黎/法國市場的方式、策略優勢和劣勢。,專案/報告,APR 28,https://drive.google.com/file/d/1e_ad57E1O5AeIpYuumR42OTYBppmVERS/view?usp=sharing,報告連結
2025,資訊管理導論 - 訪談胡翠君教授,訪談師大PASSION偏鄉優質教育計畫主持人 - 胡翠君教授，了解偏鄉教育現場狀況。,專案/報告,APR 17,https://youtu.be/9waIRBj-oG4,影片連結
2025,EAGLE 建築模型事務所寒假實習,依 AutoCAD 圖面製作比例模型，利用壓克力板與雷切機製作地板、牆面、傢俱、裝飾，進行打磨、噴漆與精修，確保模型與設計圖一致。,工作經歷,JAN 01,,
2024,台北跨年、101煙火,第二次去台北市政府人擠人看現場表演，實習6點半下班急急忙忙一個人跑去看，慢慢地擠到前面了。,日常,DEC 31,,
2024,統計學 - 寶可夢數據圖鑑：性能、捕捉機率與屬性分析,分析寶可夢的性能、捕捉機率與屬性，並進行統計分析。,專案/報告,DEC 17,https://drive.google.com/file/d/1PB_oHKquR9RriLVlPurTEY0YkI8Dnoyf/view?usp=sharing,報告連結
2024,管理學 - Starbucks 個案分析,我負責撰寫在地文化整合章節，分析特色門市、在地商品與社區活動，探討如何透過空間設計與文化連結強化顧客體驗與品牌忠誠度。,專案/報告,DEC 16,https://drive.google.com/file/d/1sIdcOskdiY8p7qMBqLPOiu5pVuvVW-03/view?usp=sharing,報告連結
2024,工程圖學期末Revit專案 - 保健中心,參考心理系館舊有模糊平面圖、立面圖紙，前往實體建築勘查與測量，利用Revit建模，並引用 Revit library 元件。,專案/報告,DEC 11,https://drive.google.com/file/d/1e4gtLNcUlz4GAOByYqNZkmknPDhpAGWP/view?usp=sharing,簡報連結
2024,土木工程概念設計 - Stratus 53,設計並實做了一個水上風力發電的塔的模型。期末成果展有拿獎ㄝ(海報設計)，開心。,專案/報告,DEC 10,https://docs.google.com/presentation/d/1R40Gp3j07HSpDe6-EdPLaE3h86Y5FfXo/edit?usp=sharing&ouid=104004360489768057704&rtpof=true&sd=true,展示簡報連結
2024,2024臺灣設計展在臺南,期中考後的獨旅，給自己放個假，逃離台北。,日常,NOV 03,,
2024,工程圖學期中SketchUp專案 - 心理系南北館,利用 3D Warehouse 模型庫的心理系館模型進行修改，並增加自己對心理系館改造的想法，例如:草地變成滯洪池、荒廢的戶外平台變成休憩空間。,專案/報告,OCT 16,https://drive.google.com/file/d/1v7FCpZPg5nMOlm5X2lJHMybUXKhsdJMp/view?usp=sharing,簡報連結
2024,2024 秋OUT,在公館，讀到天黑從咖啡廳出來，跑去公館水岸蹭免費舞台，聽到趙奕帆了開心。,日常,SEP 29,,
2024,資管服學高中生組 -大學生輔導助教,為期一學期，一對一輔導高中生，從零開始學習C++，練習寫程式、考APCS。,學業,SEP 20,https://docs.google.com/document/d/1duMosg1w6Lw5CnTLc0lp4LK-PQUld6c84w3Rb6ozO7c/edit?usp=sharing,服學心得
2024,校內工讀 - 開始擔任女八網管,協助宿舍住戶註冊宿舍網路、架設路由器、處理網路連線異常、速度過慢、舍胞們觸發資安事件等問題。,工作經歷,SEP 01,,
2024,2024 JAM JAM ASIA,在北流，大二剛開學就跑音樂祭，第二次去大型音樂祭，用文化幣買了雙日票，有冷氣的音樂祭好舒服。,日常,SEP 07,,
2024,大二 - 開啟土木系實作課探索之旅,申請輔修土木系成功了，跑去土木系上看看開給土木大一新生的實作課。,學業,SEP 01,,
2024,青幫 - 年會工人,當帶高中生的隊輔，和高中生一起度過年會這兩天,工作經歷,AUG 10,,
2024,大一暑假 - 小琉球打工換宿,練習社交、聊天，聽不同的故事，當bartender學一點調酒，看海、攝影。,日常,JUN 24,,
2024,北美館 - 摩登生活台灣建築展、許雨仁回顧展,很喜歡看建築的展，雖然我沒有任何專業，但看到那些建築師們的創作，還是覺得很厲害。,日常,JUN 11,,
2024,北師美術館 - 戰鬥之城,動畫很有趣，第一次看到這種畫風，但我沒看懂其深意。台灣街道模型做得很細緻很厲害。,日常,JUN 11,,
2024,2024大港開唱,第一次去大型音樂祭，買了雙日票和毛巾，看到草東現場，我死而無憾了，萬分後悔沒有去買個貼紙貼在筆電上。,日常,MAR 31,,
2024,大一寒假 - 雲嘉會新塭國小返鄉服務隊,雲嘉會的人都沒認識幾個，不知道哪來的勇氣就報名參加了。第一次去返鄉服務隊，第一次寫教案，跟一群大學生去小學教小朋友，很累、很開心。,學業,JUN 24,,
2023,台北跨年、101煙火,第一次去台北市政府人擠人看現場表演，下午就去卡位了，看到101煙火了。,日常,DEC 31,,
2023,北流 - 唱 我們的歌 流行音樂故事展,大一寒假獨旅第二站--台北流行音樂中心 - 唱 我們的歌 流行音樂故事展,日常,DEC 28,,
2023,爬象山,大一寒假獨旅第一站--象山,日常,DEC 27,,
2023,資管新生專題 - 電子商務分析報告,發現自己什麼都不會、幫不上忙，貢獻度極低拖累同學，只負責寫了兩個客群的商業策略。,專案/報告,DEC 17,https://drive.google.com/file/d/1dnQc4Ot5YhC5YXK7S7LqwYMJBbBe-RBj/view?usp=sharing,報告連結
2023,程式設計 - BBBLUE 格格不入 C++ 遊戲,程設是我大一最挫折的課程，不斷懷疑自己憑什麼錄取資管系。,專案/報告,DEC 10,https://youtu.be/2pElUXNK9GM?si=pAaPlTSnSRIn4tc1,遊戲Demo影片
2023,諸羅搖滾,第一次被開圈衝擊到，免費的音樂祭一定要到的吧，就算期中考要爆炸了也要去。,日常,OCT 10,,
2023,青幫 - 高中組輔導志工,回饋青幫，開始擔任輔導志工，幫忙面試、審查會、年會等等。,工作經歷,SEP 16,,
2023,大一新生,開始撞牆期(學業、生活、人際關係)，不斷的適應新的環境、新的生活、新的學習方式。,學業,SEP 01,,
2023,北漂開始,離鄉背井去台北讀大學，踏上新大地，開啟挑戰。,日常,AUG 28,,
2023,高中畢業，不再是高中生了,嘉女數理班畢業，同學們各奔前程。,學業,JUN 01,,
2023,學測讀書策略分享-國英數A自,學校輔導室邀請我和同學分享學測讀書策略給即將升高三的學妹們。,學業,MAY 01,https://youtu.be/CtHuvXcLXj4?si=PySsM0JxfPFNBXQ4,分享影片
2023,五月天演唱會,人生第一場演唱會，第一次進到高雄巨蛋，達成考完學測要去看演唱會的Flag。,日常,APR 02,,
2022,希望入學錄取資管系,希望入學錄取台大資管與土木，進入資管系。,學業,DEC 26,,